found_location,n
Austin (TX),14311
Outside Jurisdiction,945
Travis (TX),907
7201 Levander Loop in Austin (TX),514
Del Valle (TX),407
Pflugerville (TX),370
Manor (TX),268
4434 Frontier Trl in Austin (TX),163
124 W Anderson Ln in Austin (TX),152
Leander (TX),112
12034 Research Blvd in Austin (TX),99
1156 W Cesar Chavez in Austin (TX),98
12034 Research in Austin (TX),96
1834 Ferguson in Austin (TX),90
1156 W Cesar Chavez St in Austin (TX),75
4106 N Lamar in Austin (TX),69
14811 Chicadee in Pflugerville (TX),67
4106 N Lamar Blvd in Austin (TX),66
Lago Vista (TX),56
Round Rock (TX),56
Cedar Park (TX),55
7619 Scenic Brook in Austin (TX),53
Hays (TX),52
124 West Anderson Lane in Austin (TX),50
6600 Elm Creek Dr in Austin (TX),47
21413 Webber Oaks Cv in Travis (TX),45
4434 Frontier Trail in Austin (TX),43
4434 Frontier in Austin (TX),41
1156 Cesar Chavez in Austin (TX),39
1601 E Slaughter Ln in Austin (TX),38
12901 N Ih 35 #1100 in Austin (TX),38
Williamson (TX),36
1000 Ellingson in Austin (TX),36
5701 Johnny Morris Rd in Austin (TX),36
12138 N Lamar Blvd in Austin (TX),34
Lakeway (TX),32
Riverside And Pleasant Valley in Austin (TX),32
5338 Thunder Creek in Austin (TX),32
Bastrop (TX),31
11113 Chatam Berry in Austin (TX),30
1515 Wickersham Ln in Austin (TX),29
5800 Techni Center Dr in Austin (TX),28
5200 Knight Cir in Austin (TX),28
600 Barwood Park in Austin (TX),27
400 Grove Blvd in Austin (TX),27
5801 Ainez Dr in Austin (TX),26
1156 W. Cesar Chavez in Austin (TX),26
1300 Crossing Pl in Austin (TX),26
1203 Cometa St in Austin (TX),26
Montopolis And Riverside in Austin (TX),25
923 Walter St in Austin (TX),25
2425 E Riverside Dr in Austin (TX),25
9300 Northgate in Austin (TX),25
Unknown in Austin (TX),24
710 E Ben White Blvd in Austin (TX),23
2504 Huntwick Dr in Austin (TX),23
9300 S Ih 35 Frontage Rd in Austin (TX),23
6900 Old Bee Caves Rd in Austin (TX),23
2100 Barton Springs Rd in Austin (TX),22
1800 E Stassney Ln in Austin (TX),22
1704 Nelms Dr in Austin (TX),22
5701 Johnny Morris in Austin (TX),22
13021 Dessau Rd in Austin (TX),22
15008 Fm 812 in Del Valle (TX),22
1301 Crossing Place in Austin (TX),22
2815 Hwy 71 in Austin (TX),22
7601 Daffan Ln in Austin (TX),21
6118 Fairway in Austin (TX),21
2900 Sunridge Dr in Austin (TX),21
1881 Grove Blvd in Austin (TX),21
9110 Fm 812 in Austin (TX),21
5129 Cameron Rd in Austin (TX),20
Jonestown (TX),20
3101 Shoreline Dr in Austin (TX),20
124 W Anderson in Austin (TX),20
2104 E Anderson Ln in Austin (TX),20
1511 Faro Dr in Austin (TX),20
1156 West Cesar Chavez in Austin (TX),20
12508 Esplanade in Austin (TX),20
7601 Daffan Lane in Austin (TX),20
1014 Castle Rd in Travis (TX),20
6403 Tiner in Austin (TX),20
1200 Montopolis Dr in Austin (TX),19
1054 Springdale Rd in Austin (TX),19
4700 E Riverside Dr in Austin (TX),19
6118 Fairway St in Austin (TX),19
21506 Ann Showers in Travis (TX),19
10600 Old Lockhart Rd in Travis (TX),19
4913 Hudson Bend Rd in Austin (TX),19
3111 Parker Ln in Austin (TX),18
2314 Wickersham Ln in Austin (TX),18
2101 Burton Dr in Austin (TX),18
12166 Metric Blvd in Austin (TX),18
501 U.S. 183 in Austin (TX),18
Creedmoor (TX),18
500 E Cesar Chavez in Austin (TX),18
8207 Canoga Ave in Austin (TX),18
1016 Camino La Costa in Austin (TX),18
501 S Hwy 183 in Austin (TX),18
Born In Shelter in Austin (TX),18
21306 Dodge Trl in Lago Vista (TX),18
Slaughter And Manchaca in Austin (TX),17
401 Little Texas Ln in Austin (TX),17
2317 S Pleasant Valley Rd in Austin (TX),17
9201 Circuit Of The Americas Blvd in Austin (TX),17
9300 Northgate Blvd in Austin (TX),17
3600 Presidential Blvd in Austin (TX),17
3308 Thompson St in Austin (TX),17
9024 Northgate Blvd in Austin (TX),17
5200 Knight in Austin (TX),17
6403 Johnny Morris Rd in Austin (TX),17
1401 E Rundberg Ln in Austin (TX),16
1088 Park Plaza in Austin (TX),16
508 E Howard Ln in Austin (TX),16
907 W Slaughter Ln in Austin (TX),16
1700 Teri Rd in Austin (TX),16
15436 Fm 1825 in Travis (TX),16
2336 Douglas St in Austin (TX),16
9201 Circuit Of The Americas Blvd in Travis (TX),16
11400 Concordia University Dr. in Austin (TX),16
201 San Jacinto Blvd in Austin (TX),16
1420 E Anderson Ln in Austin (TX),16
9816 Bundoran in Austin (TX),16
1600 Wickersham Ln in Austin (TX),15
1801 Wells Branch Pkwy in Austin (TX),15
1515 Wickersham in Austin (TX),15
1840 Burton Dr in Austin (TX),15
12609 Dessau Rd in Austin (TX),15
7201 Levander in Austin (TX),15
E Stassney Ln & Nuckols Crossing Rd in Austin (TX),15
9323 Manchaca Rd in Austin (TX),15
1430 Frontier Valley in Austin (TX),15
7501 Wynne Ln in Austin (TX),15
8509 Fm 969 in Austin (TX),15
13808 Maha Rd in Austin (TX),15
5600 Decker Creek Cv in Manor (TX),15
4008 E 12Th St in Austin (TX),15
1000 Ellingson Ln in Austin (TX),15
4200 Clawson Road in Austin (TX),15
6506 High Point Cove in Austin (TX),15
3209 S Ih 35 in Austin (TX),14
701 Woodward St in Austin (TX),14
7902 Dee Gabriel Collins in Austin (TX),14
124 W Anderson Lane in Austin (TX),14
1020 Grove Blvd in Austin (TX),14
15208 Fm 969 in Austin (TX),14
1102 S Congress Ave in Austin (TX),14
1401 E Rundberg in Austin (TX),14
6600 Elm Creek in Austin (TX),14
11441 N Ih 35 in Austin (TX),14
1700 Burton Dr in Austin (TX),14
11411 Research Blvd in Austin (TX),14
900 Barton Springs Rd in Austin (TX),14
900 Barton Springs in Austin (TX),14
5400 W Parmer Ln in Austin (TX),14
1030 Norwood Park Blvd in Austin (TX),14
2421 Chateau Village Way in Austin (TX),14
2508 E Riverside Dr in Austin (TX),14
4502 Gillis St in Austin (TX),14
45Th And Mopac in Austin (TX),14
3116 River Rd in Travis (TX),14
700 South 1St in Austin (TX),14
5409 Ponciana Dr in Austin (TX),14
2504 New York in Austin (TX),14
16672 Round Mountain in Travis (TX),14
9807 Hansford Drive in Austin (TX),14
Manchaca And Slaughter in Austin (TX),13
1601 Montopolis Dr in Austin (TX),13
5106 Village Square in Austin (TX),13
401 Little Texas Lane in Austin (TX),13
3811 E 12Th St in Austin (TX),13
7601 Dixie Dr in Austin (TX),13
2201 Barton Springs Rd in Austin (TX),13
6200 Loyola Ln in Austin (TX),13
2100 Barton Springs Road in Austin (TX),13
4106 N. Lamar in Austin (TX),13
12001 Metric Blvd in Austin (TX),13
4407 Norwood in Austin (TX),13
7610 Cameron Rd in Austin (TX),13
715 E 8Th St in Austin (TX),13
1500 Faro Dr in Austin (TX),13
2200 Willow Creek Dr in Austin (TX),13
8515 S Ih 35 in Austin (TX),13
5400 Freidrich Ln in Austin (TX),13
2801 Wells Branch Pkwy in Austin (TX),13
7607 Blessing Ave in Austin (TX),13
2100 Barton Springs in Austin (TX),13
7132 Texas 71 in Austin (TX),13
2406 Rosewood Ave in Austin (TX),13
9604 Bock Rd in Travis (TX),13
2110 Thrasher Ln in Austin (TX),13
2201 Montopolis in Austin (TX),13
1628 Ohlen Rd in Austin (TX),13
Clearfield in Austin (TX),13
9802 Roxanna Drive in Austin (TX),13
5000 Spruce Circle in Austin (TX),13
4605 Button Bend in Austin (TX),13
12304 Elm Valley Dr in Travis (TX),13
1701 Congress Ave in Austin (TX),13
8303 Hornet Dr in Austin (TX),13
1817 East Oltorf in Austin (TX),13
212 Hokanson Road in Del Valle (TX),13
6503 Bluff Springs in Austin (TX),12
North Ec in Austin (TX),12
7209 Barnsdale Way in Austin (TX),12
Montopolis in Austin (TX),12
Riverside And Montopolis in Austin (TX),12
14000 Renaissance Ct in Austin (TX),12
1300 Crossing Place in Austin (TX),12
7903 Taza Trl in Austin (TX),12
124 West Anderson in Austin (TX),12
Riverside And Wickersham in Austin (TX),12
8524 Burnet Rd in Austin (TX),12
43 Rainey St in Austin (TX),12
2501 Wickersham Ln in Austin (TX),12
2005 Willow Creek Dr in Austin (TX),12
810 E Slaughter Ln in Austin (TX),12
5808 Mckinney Falls Pkwy in Austin (TX),12
2901 S Capital Of Texas Hwy in Austin (TX),12
9515 Hotel Dr in Austin (TX),12
4701 Staggerbrush Rd in Austin (TX),12
2317 S Pleasant Valley in Austin (TX),12
10505 S Ih 35 in Austin (TX),12
409 E William Cannon Dr in Austin (TX),12
701 Woodward in Austin (TX),12
7309 Lazy Creek Dr in Austin (TX),12
824 Fairfield Dr in Austin (TX),12
1101 Wheatley Ave in Austin (TX),12
9102 Shepard Dr in Austin (TX),12
1044 Camino La Costa in Austin (TX),12
2308 Perry Ave #106 in Austin (TX),12
8718 Fm 812 in Travis (TX),12
2109 Jesse Owens Dr in Austin (TX),12
6700 Evelyn Rd in Austin (TX),12
6813 Sabrina Dr in Austin (TX),12
5201 Berkman Dr in Austin (TX),12
3505 South Lamar in Austin (TX),12
Bluff Springs And William Cannon in Austin (TX),12
1128 Gardner in Austin (TX),12
1206 Woodfield Dr in Austin (TX),12
2And And Attayca in Austin (TX),12
7802 Rutgers Ave in Austin (TX),12
8028 Elroy Rd in Travis (TX),12
7700 Beauregard Cir in Austin (TX),12
2107 Kirksey Drive in Austin (TX),12
7000 Decker Ln in Austin (TX),11
Cesar Chavez And Pleasant Valley in Austin (TX),11
2200 S Pleasant Valley in Austin (TX),11
2209 Kinney in Austin (TX),11
Cesar Chavez in Austin (TX),11
2206 Blue Meadow Dr in Austin (TX),11
1015 E Yager Ln in Austin (TX),11
9500 Dessau Rd in Austin (TX),11
9601 Middle Fiskville in Austin (TX),11
9300 S Ih 35 in Austin (TX),11
11001 S 1St St in Austin (TX),11
Parmer And Metric in Austin (TX),11
12501 Tech Ridge Blvd in Austin (TX),11
Westgate And William Cannon in Austin (TX),11
6201 Sneed Cv in Austin (TX),11
12800 Center Lake Dr in Austin (TX),11
11700 Metric Blvd in Austin (TX),11
2932 Ellon Rd in Del Valle (TX),11
1301 Crossing Pl in Austin (TX),11
8885 Research Blvd in Austin (TX),11
E Riverside Dr & S Pleasant Valley Rd in Austin (TX),11
10707 Lake Creek Pkwy in Austin (TX),11
8900 N Ih 35 in Austin (TX),11
1215 W Slaughter Ln in Austin (TX),11
4710 Carson Hill Dr in Austin (TX),11
4511 Lucksinger Ln in Austin (TX),11
7603 Clydesdale in Austin (TX),11
1401 East Rundberg Ln in Austin (TX),11
1000 E 41St St in Austin (TX),11
8312 N Ih 35 in Austin (TX),11
1500 Crossing Place in Austin (TX),11
12118 Walnut Park Xing. in Austin (TX),11
912 U.S. 183 in Austin (TX),11
10000 N Lamar Blvd in Austin (TX),11
9414 N Lamar Blvd in Austin (TX),11
17720 Powder Creek Dr in Manor (TX),11
3002 Ellon Rd in Del Valle (TX),11
3300 Killingsworth Ln. #307 in Pflugerville (TX),11
1006 Banister Ln in Austin (TX),11
12508 Esplanade St in Austin (TX),11
9100 Evelyn Rd in Travis (TX),11
40 N Ih 35 in Austin (TX),11
2101 Elmont Dr in Austin (TX),11
1901 E Anderson Ln in Austin (TX),11
412 W Alpine in Austin (TX),11
1156 Cesar Chavez St in Austin (TX),11
Braker Ln And Hwy 183 in Austin (TX),11
Live Oak And S Congress in Austin (TX),11
1515 Wickersham Lane in Austin (TX),11
1812 Miles Ave in Austin (TX),11
5701 Johnny Morris Road in Austin (TX),11
12621 Hymeadow Rd in Austin (TX),11
619 W Powell Ln in Austin (TX),11
7101 Ed Bluestein Blvd in Austin (TX),11
7207 Barnsdale Way in Austin (TX),11
5804 Walnut Cove in Austin (TX),11
11309 Doyle Overton Rd in Austin (TX),11
1602 Citation Dr in Del Valle (TX),11
1000 Creekbend Drive in Pflugerville (TX),11
14701 Branding Iron Pass in Travis (TX),11
5006 Emerald Forest in Austin (TX),11
10210 Ember Glen in Austin (TX),11
6105 Saddler Ln in Austin (TX),11
Catherine Drive And Blue Bluff in Austin (TX),11
11611 Raymond C Ewry Lane in Austin (TX),11
5605 Signal Point in Austin (TX),11
South Ec in Austin (TX),10
Crossing Place And Riverside in Austin (TX),10
W Parmer Ln & Mcneil Dr in Austin (TX),10
7104 Berkman Dr in Austin (TX),10
8300 N Ih 35 in Austin (TX),10
8800 N Ih 35 in Austin (TX),10
1735 Rutland Dr in Austin (TX),10
William Cannon And Manchaca in Austin (TX),10
1801 Fortview Rd in Austin (TX),10
12507 Esplanade in Austin (TX),10
12315 Rayden St. in Travis (TX),10
509 E Todd Lane in Austin (TX),10
9218 Balcones Club Dr in Austin (TX),10
7112 Ed Bluestein Blvd in Austin (TX),10
5414 Bolm Rd in Austin (TX),10
8220 Research Blvd in Austin (TX),10
2307 Ventura in Austin (TX),10
3603 Southridge Dr in Austin (TX),10
12118 Walnut Park Crossing in Austin (TX),10
7211 Northeast Dr in Austin (TX),10
8519 Cahill Dr in Austin (TX),10
Airport in Austin (TX),10
6600 Ed Bluestein Blvd in Austin (TX),10
1201 Payton Gin Rd in Austin (TX),10
1102 S Congress in Austin (TX),10
7707 S Ih 35 in Austin (TX),10
5338 Thunder Creek Rd in Austin (TX),10
2110 W Slaughter Ln in Austin (TX),10
5800 Techni Center in Austin (TX),10
900 Webberwood Way in Travis (TX),10
8105 Research Blvd in Austin (TX),10
7132 W 71 Hwy in Austin (TX),10
7500 S Pleasant Valley Rd in Austin (TX),10
Nuckols Crossing in Austin (TX),10
1311 Fairbanks in Austin (TX),10
Hwy 183 And E Riverside Dr in Austin (TX),10
1520 Rutherford Ln in Austin (TX),10
Ben White/Manchaca in Austin (TX),10
14811 Chicadee Circle in Travis (TX),10
625 E Stassney Ln in Austin (TX),10
515 City Park Rd in Pflugerville (TX),10
1308 Thornberry Rd in Del Valle (TX),10
Williamson Rd & Graef Rd in Travis (TX),10
5800 Colton Rd in Austin (TX),10
1515 Grove Blvd in Austin (TX),10
13000 N Ih 35 in Austin (TX),10
3308 Thompson in Austin (TX),10
1601 Royal Crest Dr in Austin (TX),10
10107 Rodriguez Rd in Austin (TX),10
9435 Middle Fiskville Rd in Austin (TX),10
4014 W William Cannon Dr in Austin (TX),10
8000 Decker Ln in Austin (TX),10
50002 Westgate Blvd in Austin (TX),10
11604 Loweswater in Austin (TX),10
8718 Fm 812 in Austin (TX),10
3500 Eskew Dr in Austin (TX),10
12419 Metric Blvd in Austin (TX),10
3101 West Terrace Drive in Austin (TX),10
2239 Cromwell Cir in Austin (TX),10
16006 Agua Vista in Austin (TX),10
906 W Milton St in Austin (TX),10
20906 Delorio in Manor (TX),10
5806 Coolbrook Dr in Austin (TX),10
Becker Ln And Reynero in Del Valle (TX),10
3300 Killingsworth Ln in Pflugerville (TX),10
16901 Hayride Circle in Travis (TX),10
1108 Blue Fox Dr in Austin (TX),10
1100 Debco Ln in Travis (TX),10
11009 Amblewood Way in Austin (TX),10
1601 E. Slaughter Ln. #83 in Travis (TX),10
2347 Douglas #1103 in Austin (TX),10
17944 Majestic Elm Ln in Travis (TX),10
5055 Hwy 71 E in Del Valle (TX),10
8902 Briardale Dr in Austin (TX),10
1308 Thornberry Rd in Austin (TX),10
2124 Burton Dr in Austin (TX),10
7807 Broken Lance in Austin (TX),10
9200 North Plaza in Austin (TX),10
4402 Nixon Ln in Austin (TX),10
6712 Cruz St in Austin (TX),10
5521 Hiline Rd in Austin (TX),10
Manchaca Rd And W Dittmar Rd in Austin (TX),10
3100 Barksdale in Travis (TX),10
505 Barton Springs in Austin (TX),10
Barney Dr in Travis (TX),10
5500 Ponciana in Austin (TX),10
N Interstate 35 Frontage Rd And E Braker Ln in Austin (TX),10
8528 Cornwall Dr in Austin (TX),10
3109 Robinson Ave in Austin (TX),10
17004 Round Mountain in Travis (TX),10
8748 Birmingham Dr in Austin (TX),10
8311 Evelyn Road in Travis (TX),10
1620 Old Lockhart Road in Travis (TX),10
2200 S Pleasant Valley Rd in Austin (TX),9
2005 Willow Creek in Austin (TX),9
2701 E 7Th St in Austin (TX),9
12345 Lamplight Village in Austin (TX),9
1135 Garland Ave in Austin (TX),9
5315 Ed Bluestein Blvd in Austin (TX),9
4404 E Oltorf in Austin (TX),9
W Slaughter Ln & Brodie Ln in Austin (TX),9
Bolm Rd And Airport Blvd in Austin (TX),9
5201 Ross Rd in Del Valle (TX),9
10902 Mcangus Rd in Del Valle (TX),9
12Th And Airport Blvd in Austin (TX),9
Ross Rd And Hwy 71 in Del Valle (TX),9
4477 S Lamar Blvd in Austin (TX),9
3300 Killingsworth in Travis (TX),9
2303 Vanderbilt Cir in Austin (TX),9
812 Springdale in Austin (TX),9
1012 Arthur Stiles Rd in Austin (TX),9
W Slaughter Ln & Manchaca Rd in Austin (TX),9
2000 Burton Dr in Austin (TX),9
1161 Harvey Ln in Austin (TX),9
9345 E Us Hwy 290 in Austin (TX),9
720 Airport Blvd in Austin (TX),9
4400 Franklin Park in Austin (TX),9
8900 N Ih35 in Austin (TX),9
12403 Mellow Meadow Dr in Travis (TX),9
2504 New York Dr in Austin (TX),9
5500 Ross Rd in Austin (TX),9
2500 Magin Meadow Dr in Austin (TX),9
2304 Wirtz Ave in Austin (TX),9
7125 Howerington Cir in Austin (TX),9
1128 Spur St in Austin (TX),9
12001 Dessau Rd in Austin (TX),9
6800 Mcneil Dr in Austin (TX),9
8101 Salt Springs Dr in Austin (TX),9
1044 Norwood Park Blvd in Austin (TX),9
4108 Nixon Ln in Austin (TX),9
5300 Overbrook in Austin (TX),9
Montopolis And Del Monte in Austin (TX),9
1600 Grove Blvd in Austin (TX),9
1604 Red Fox in Austin (TX),9
Debba Dr And Red Fox Rd in Lakeway (TX),9
1904 Bitter Creek Dr in Austin (TX),9
7314 Gaines Mill Ln in Austin (TX),9
6407 Springdale Rd in Austin (TX),9
2614 Howellwood Way in Austin (TX),9
1116 1/2 Gunter St in Austin (TX),9
4550 Mueller Blvd in Austin (TX),9
4404 E Oltorf St in Austin (TX),9
11301 Farrah Lane in Austin (TX),9
8909 Briardale Dr in Austin (TX),9
5800 Techni Center Drive in Austin (TX),9
Quicksilver & S Pleasant Valley in Austin (TX),9
5808 Wilcab Rd in Austin (TX),9
10528 Channel Island Dr in Austin (TX),9
6808 S Ih 35 Frontage Rd in Austin (TX),9
12201 Von Quintus Road in Austin (TX),9
6300 S Congress Ave in Austin (TX),9
9610 Colfax Drive in Travis (TX),9
4700 East Riverside Drive in Austin (TX),9
7007 Guadalupe St in Austin (TX),9
3721 Rr North 620 in Austin (TX),9
6700 Krollton in Austin (TX),9
806 Park Blvd in Austin (TX),9
6904 Tulane Dr in Austin (TX),9
6506 Bolm Rd in Austin (TX),9
6540 Ed Bluestein Blvd in Austin (TX),9
11503 Hereford Street in Manor (TX),9
North Ih-35 And Rundberg in Austin (TX),9
20602 Ed Acklin in Travis (TX),9
Redwater Dr And Manchaca Rd in Austin (TX),9
2510 Lehigh Dr in Austin (TX),9
18701 Blake Manor Rd in Manor (TX),9
9301 Hog Eye Rd in Austin (TX),9
2705 Hoeke Ln in Austin (TX),9
12410 Alameda Trace Circle in Austin (TX),9
7427 Onion Creek in Austin (TX),9
S Hwy 183 And Thompson Ln in Austin (TX),9
7212 Bill Hughes Rd in Austin (TX),9
7020 Grand Canyon in Austin (TX),9
Fm 969 And Highway 30 in Travis (TX),9
3303 Oak Alley in Austin (TX),9
8408 Elroy Rd in Travis (TX),9
Purple Sage Dr And Lazy Creek Dr in Austin (TX),9
13021 Dessau Road in Austin (TX),9
4528 Chateau Village Way in Austin (TX),9
9508 Linkmeadow Dr in Austin (TX),9
8912 Lone Tree Dr in Manor (TX),9
Davis And Manchaca in Austin (TX),9
13021 in Austin (TX),9
15208 Chamberlain Ct in Austin (TX),9
6511 Burnet Lane in Austin (TX),9
8213 Sam Rayburn in Austin (TX),9
Bramble Bush And Thaxton Road in Austin (TX),9
5204 Purple Sage in Austin (TX),9
7020 Grand Canyon Dr in Austin (TX),8
Slaughter Ln in Austin (TX),8
333 E Slaughter Ln in Austin (TX),8
4900 E Oltorf in Austin (TX),8
5309 E Riverside Dr in Austin (TX),8
8601 Vertex Blvd in Austin (TX),8
3401 Webberville Rd in Austin (TX),8
E Riverside Dr & Montopolis Dr in Austin (TX),8
4313 S 1St St in Austin (TX),8
Rundberg And Lamar in Austin (TX),8
1800 E Stassney in Austin (TX),8
4600 Nuckols Crossing in Austin (TX),8
12113 Metric Blvd in Austin (TX),8
14100 Thermal Dr in Austin (TX),8
7001 S Congress Ave in Austin (TX),8
Red River in Austin (TX),8
6201 Sneed Cove in Austin (TX),8
8600 Brodie Ln in Austin (TX),8
Pleasant Valley And Riverside in Austin (TX),8
9805 Parkfield Dr in Austin (TX),8
400 Cooper Dr in Austin (TX),8
3427 Parker Ln in Austin (TX),8
11530 Manchaca in Austin (TX),8
Riverside in Austin (TX),8
7418 Cameron Rd in Austin (TX),8
8805 N Plaza in Austin (TX),8
3201 Duval Rd in Austin (TX),8
10801 Old Manchaca Rd in Austin (TX),8
5403 Darlington Ln in Austin (TX),8
11215 Research Blvd in Austin (TX),8
1000 E. 41St St. in Austin (TX),8
St Elmo in Austin (TX),8
6711 Johnny Morris in Austin (TX),8
7501 Bluff Springs in Austin (TX),8
54 Rainey St in Austin (TX),8
8700 Brookfield Dr in Austin (TX),8
5805 Blue Bluff Rd in Austin (TX),8
700 Green Meadow in Austin (TX),8
6103 Manor Rd in Austin (TX),8
6002 Jain Ln in Austin (TX),8
8805 North Plaza Dr in Austin (TX),8
2201 Montopolis Dr in Austin (TX),8
5106 Village Square Dr in Austin (TX),8
1109 S Pleasant Valley in Austin (TX),8
Ih 35 in Austin (TX),8
12006 Greenleaf in Travis (TX),8
9008 Hunters Trace in Austin (TX),8
8105 Linden Rd in Del Valle (TX),8
3105 S Ih 35 in Austin (TX),8
6106 Wheless Cv in Austin (TX),8
12032 Lincolnshire Dr in Austin (TX),8
7201 Danwood Dr in Austin (TX),8
4811 Aberdeen Dr in Austin (TX),8
14811 Bescott in Austin (TX),8
14608 Rumfeldt in Del Valle (TX),8
7101 Appaloosa Ct in Travis (TX),8
9908 Thaxton Rd in Austin (TX),8
2000 N. Ih35 in Austin (TX),8
Thaxton Rd in Austin (TX),8
9102 Happy Trl in Austin (TX),8
1124 Rutland Dr in Austin (TX),8
2504 Sunny Hills Dr in Austin (TX),8
8805 N Plaza Ct in Austin (TX),8
20906 Delorio St in Manor (TX),8
23107 Fulkes Ln in Travis (TX),8
3401 W Parmer Ln in Austin (TX),8
1030 Norwood Park in Austin (TX),8
12705 Encino Dr in Travis (TX),8
12440 Alameda Trace Circle in Austin (TX),8
9345 E Hwy 290 in Austin (TX),8
3801 Berkman Dr in Austin (TX),8
8220 W Hwy 71 in Austin (TX),8
302 Provines Dr in Austin (TX),8
13500 Lazyridge Dr in Pflugerville (TX),8
11701 Metric Blvd in Austin (TX),8
14809 Chicadee in Travis (TX),8
8911 Fm 973 in Austin (TX),8
2011 Greenbrook Pkwy in Austin (TX),8
4811 S Congress Ave in Austin (TX),8
6001 Airport Blvd in Austin (TX),8
11123 Old Lockhart Rd in Austin (TX),8
Slaughter And 1826 in Austin (TX),8
6816 Lee Manor Cv in Manor (TX),8
4411 Meinardus Dr in Austin (TX),8
907 West Slaughter Lane in Austin (TX),8
3417 Minnie St in Austin (TX),8
1841 Wooten Park in Austin (TX),8
6855 E Hwy 290 in Austin (TX),8
Gunter St And Neil in Austin (TX),8
20212 Lockwood Rd in Travis (TX),8
6205 Marigold in Austin (TX),8
6200 Loyola Lane in Austin (TX),8
13021 Legendary in Austin (TX),8
3101 Oak Springs Dr in Austin (TX),8
9971 Quail Blvd in Austin (TX),8
5000 E Cesar Chavez in Austin (TX),8
19211 Blake Manor Rd in Manor (TX),8
704 Hyde Park Ct in Austin (TX),8
9707 Colpax Drive in Austin (TX),8
6514 Pevensey Dr in Austin (TX),8
3200 Northeast Dr in Austin (TX),8
1190 Airport Blvd in Austin (TX),8
7604 Lazy River Cv in Austin (TX),8
720 Yarsa Blvd in Austin (TX),8
2906 Gem Circle in Austin (TX),8
11125 Henge Dr in Austin (TX),8
1301 Webberwood in Travis (TX),8
Hamilton Pool Rd in Travis (TX),8
12900 N Ih 35 in Austin (TX),8
4811 Prock Lane in Austin (TX),8
Silverstone Dr And Pointsetta Ln in Austin (TX),8
2015 Cedar Bnd #1400 in Austin (TX),8
7205 E Meadow Bend in Austin (TX),8
8714 Fm 812 in Travis (TX),8
6808 S Ih35 in Austin (TX),8
920 Water St in Travis (TX),8
1922 Wickersham Ln in Austin (TX),8
201 Chicon in Austin (TX),8
1109 S Pleasant Valley Rd in Austin (TX),8
11717 Schriber Rd in Travis (TX),8
E 9Th And Navasota in Austin (TX),8
6502 S 1St St in Austin (TX),8
1803 Belford Dr in Austin (TX),8
1601 Faro in Austin (TX),8
8225 N Fm 620 in Austin (TX),8
20636 Cameron in Travis (TX),8
10510 Wendts Way in Austin (TX),8
5600 Netleaf Rd in Austin (TX),8
2504 Stratford Dr in Austin (TX),8
15300 Spring Hill Ln in Austin (TX),8
4309 Bellvue Dr in Austin (TX),8
Bluff Springs Dr in Austin (TX),8
10802 San Jose Ave in Travis (TX),8
6300 Sierra Vista Dr in Travis (TX),8
9100 Fm 812 Road in Travis (TX),8
10907 Spicewood Pkwy in Austin (TX),8
9200 Towana Dr in Austin (TX),8
4858 Yager Ln in Travis (TX),8
7627 Crystalbrook W in Austin (TX),8
8312 North Ih 35 in Austin (TX),8
446 Tiffany Trl in Austin (TX),8
14704 Alps Drive in Travis (TX),8
7624 Cayenne Ln in Austin (TX),8
5801 Alomar in Austin (TX),8
Oltorf & Burleson in Austin (TX),8
9102 Shephard Drive in Austin (TX),8
3235 E Martin Luther King Jr Blvd in Austin (TX),8
7900 Thaxton Road in Austin (TX),8
Rampart St & Paris Ave in Austin (TX),8
11906 Bronco Circle in Austin (TX),8
La Paz And Paloma in Del Valle (TX),8
8105 Topanga Lane in Austin (TX),8
411 Bastrop in Austin (TX),8
W Slaughter Ln And Manchaca Rd in Austin (TX),7
6001 W Parmer Ln in Austin (TX),7
S Pleasant Valley Rd & E Stassney Ln in Austin (TX),7
11901 Pavilion in Austin (TX),7
2347 Douglas St in Austin (TX),7
2400 E Oltorf in Austin (TX),7
1201 Grove Blvd in Austin (TX),7
Dessau Rd & E Howard Ln in Austin (TX),7
7131 Wood Hollow Dr in Austin (TX),7
Springdale And Airport in Austin (TX),7
710 East Ben White Blvd in Austin (TX),7
515 Vargas Rd in Austin (TX),7
500 E Anderson Ln in Austin (TX),7
Manchaca Rd And W Slaughter Ln in Austin (TX),7
3421 W William Cannon in Austin (TX),7
4106 N.Lamar in Austin (TX),7
Airport And Bolm in Austin (TX),7
1901 Onion Creek Pkwy in Austin (TX),7
6001 Cougar Dr in Austin (TX),7
2500 W Parmer Ln in Austin (TX),7
11530 Manchaca Rd in Austin (TX),7
2000 Cullen Ave in Austin (TX),7
Manchaca in Austin (TX),7
7500 S Pleasant Valley in Austin (TX),7
189 Jacobson Rd in Del Valle (TX),7
Airport Blvd in Austin (TX),7
421 Thompson Ln in Austin (TX),7
9200 N Plaza in Austin (TX),7
1071 Clayton Ln in Austin (TX),7
5801 Ainez in Austin (TX),7
17005 Hayride Cir in Del Valle (TX),7
4700 Staggerbrush in Austin (TX),7
7009 Twin Crest Drive in Austin (TX),7
6200 Loyola in Austin (TX),7
Emma Browning/ Burleson in Austin (TX),7
15300 Lucian St in Austin (TX),7
4600 Elmont Dr in Austin (TX),7
Stassney And Pleasant Valley in Austin (TX),7
7715 Hidden View Cir in Austin (TX),7
6212 Crow Ln in Austin (TX),7
11602 Gunsmoke Circle in Austin (TX),7
2201 Willow Creek in Austin (TX),7
1600 Wickersham in Austin (TX),7
1500 Faro in Austin (TX),7
2510 Euclid Ave in Austin (TX),7
12133 Metric Blvd in Austin (TX),7
2210 E 9Th St Unit C in Austin (TX),7
1720 Wells Branch Pkwy in Austin (TX),7
2707 S Ih 35 in Austin (TX),7
10812 Galsworthy Ln in Austin (TX),7
9219 Anderson Mill Rd in Austin (TX),7
12440 Alameda Trace in Austin (TX),7
Oak Springs And Airport in Austin (TX),7
9301 Johnny Morris in Austin (TX),7
5010 Old Manor Rd in Austin (TX),7
5909 Reicher Dr in Austin (TX),7
6505 Burleson Rd in Austin (TX),7
1701 W Ben White Blvd in Austin (TX),7
1817 E Oltorf in Austin (TX),7
Mckinney Falls And Burleson in Austin (TX),7
Riverside And Crossing Place in Austin (TX),7
15609 E Hwy 290 in Travis (TX),7
1127 Bolm Road in Austin (TX),7
6403 Johnny Morris in Austin (TX),7
21205 W 71 in Travis (TX),7
8201 Riverstone Dr in Austin (TX),7
1012 Cripple Creek Dr in Austin (TX),7
1715 W Cesar Chavez St in Austin (TX),7
124 W. Anderson in Austin (TX),7
1705 Frontier Valley Dr in Austin (TX),7
3805 River Rd in Travis (TX),7
15411 Ullman Dr in Austin (TX),7
11150 Research Blvd in Austin (TX),7
4601 E St Elmo Rd in Austin (TX),7
20802 Dawn Dr in Lago Vista (TX),7
500 Mairo in Austin (TX),7
4821 E Riverside Dr in Austin (TX),7
9705 Carson Creek in Austin (TX),7
4906 Birch Creek Rd in Austin (TX),7
7100 Bluff Springs Rd in Austin (TX),7
5509 Tallow Tree Dr in Austin (TX),7
909 W Village Ln in Austin (TX),7
7125 Howerington Circle in Austin (TX),7
14714 Colt Dr in Travis (TX),7
6600 Elm Creek Drive in Austin (TX),7
4900 E Oltorf St in Austin (TX),7
13602 Fm 969 in Austin (TX),7
W Braker Ln And 183 in Austin (TX),7
8803 Georgian Dr in Austin (TX),7
3300 Parker Ln in Austin (TX),7
Hog Eye Road And Jones Road in Travis (TX),7
12316 Fay Street in Manor (TX),7
7402 Vintage Hills in Austin (TX),7
24609 Long Hollow Trail in Travis (TX),7
Parmer And Dessau in Austin (TX),7
1030 Norwood Park Boulevard in Austin (TX),7
6502 S 1St in Austin (TX),7
8310 Annabella Dr in Travis (TX),7
5901 S First in Austin (TX),7
1001 Lipan Trl in Austin (TX),7
1901 W William Cannon Dr in Austin (TX),7
12211 Old Stage Trl in Austin (TX),7
4906 Birch Creek in Austin (TX),7
12820 N Lamar Blvd in Austin (TX),7
5616 Old Fredericksburg Rd in Austin (TX),7
San Jose in Del Valle (TX),7
5017 W Hwy 290 in Austin (TX),7
13904 Old Hwy 20 in Manor (TX),7
2325 Deadwood in Austin (TX),7
Acorn Oaks And Cooper in Austin (TX),7
5511 Salem Hill in Austin (TX),7
317 Artesian Dr in Bastrop (TX),7
Slaughter/Ih35 in Austin (TX),7
9201 Circuit Of The Americas Blvd in Del Valle (TX),7
600 W William Cannon Dr in Austin (TX),7
Lancaster And Philomena in Austin (TX),7
1601 E Anderson Ln in Austin (TX),7
Maha Rd in Del Valle (TX),7
2900 Century Park Blvd in Austin (TX),7
4400 Franklin Park Dr in Austin (TX),7
8827 East Dr in Austin (TX),7
Fulkes in Travis (TX),7
5605 Nuckols Crossing in Austin (TX),7
Springdale And 51St in Austin (TX),7
4108 Clawson Rd in Austin (TX),7
3101 Wells Branch Parkway in Austin (TX),7
6711 Johnny Morris Rd in Austin (TX),7
2250 Ridgepoint Dr in Austin (TX),7
520 Sacramento Dr in Austin (TX),7
5901 E Stassney Ln in Austin (TX),7
7902 Tisdale St in Austin (TX),7
4537 S Ih 35 in Austin (TX),7
5504 Ledesma Rd in Austin (TX),7
7001 S Congress in Austin (TX),7
12817 New Katy in Manor (TX),7
14912 Swiss Drive in Del Valle (TX),7
Melissa Oaks in Austin (TX),7
2509 Winchell Lane in Austin (TX),7
Springville Ln & Onion Crossing Dr in Austin (TX),7
8501 Cameron Rd in Austin (TX),7
1600 Royal Crest Dr in Austin (TX),7
1144 Airport Boulevard in Austin (TX),7
20907 Delorio St in Manor (TX),7
1149 Ebert Ave in Austin (TX),7
10000 Research Blvd in Austin (TX),7
71 & Tx 45 in Austin (TX),7
11923 Us Hwy 290 E in Manor (TX),7
1830 Simond Ave in Austin (TX),7
1398 Harris Ridge Blvd in Austin (TX),7
1157 Salina St in Austin (TX),7
Mansell And Gonzalez in Austin (TX),7
21428 Creekside in Leander (TX),7
1605 Barney Drive in Austin (TX),7
Starstreak Dr And Starbright Dr in Austin (TX),7
Hamilton Pool Rd & Stagecoach Rr in Travis (TX),7
2215 E M Franklin Ave in Austin (TX),7
5904 Dunbury Dr in Austin (TX),7
Littig Rd And Ballerstedt Rd in Travis (TX),7
Fm 1825 And Sarah'S Creek Dr in Pflugerville (TX),7
6208 Tiner Trail in Austin (TX),7
2317 Willow St in Austin (TX),7
3108 Windsor Road in Austin (TX),7
Mustang Ridge (TX),7
4320 S Lamar in Austin (TX),7
2200 Willow Creek Drive in Austin (TX),7
4711 Castleman Dr in Austin (TX),7
9102 1/2 Happy Trl in Austin (TX),7
Bennet And 52Nd in Austin (TX),7
Johnny Morris Rd And Hwy 290 in Austin (TX),7
17902 Austin Blvd in Lago Vista (TX),7
973 & 183 in Travis (TX),7
5500 Camp Fire Trl in Austin (TX),7
1906 Millhouse Dr in Travis (TX),7
8023 Coulver in Austin (TX),7
19000 Limestone Commercial Dr in Pflugerville (TX),7
500 E Cesar Chavez St in Austin (TX),7
6375 E Highway 290 in Austin (TX),7
3511 Alpine Cir in Austin (TX),7
9817 Circle Dr in Austin (TX),7
1505 Green Pastures Dr in Austin (TX),7
3816 Leafield Drive in Austin (TX),7
1354 Old Lockhart Hwy in Travis (TX),7
1305 Citation Circle in Del Valle (TX),7
1302 Singleton Ave in Austin (TX),7
6108 Calmar Cove Unit B in Austin (TX),7
4504 Sojourner St in Austin (TX),7
1605 Berene Avenue in Austin (TX),7
3416 River Rd in Travis (TX),7
1200 Eleanor St in Austin (TX),7
E Riverside Dr & Crossing Pl in Austin (TX),7
15611 Wells Road in Manor (TX),7
4717 Nuckols Crossing Rd in Austin (TX),7
6900 Nortre Dame Dr in Austin (TX),7
3601 Webberville Rd in Austin (TX),7
5102 Lott Ave in Austin (TX),7
10105 Rodriguez Rd in Austin (TX),7
Johnny Morris in Austin (TX),7
19208 Hog Eye Rd in Travis (TX),7
12000 W Hwy 290 in Austin (TX),7
8105 Shaol Creek Blvd in Austin (TX),7
5630 Wagon Train Rd in Austin (TX),7
4319 Terry-O Ln in Austin (TX),7
9002 Hunters Trace in Austin (TX),7
Applegate And N Lamar Blvd in Austin (TX),7
2911 Rogge Ln in Austin (TX),7
3401 Burleson Rd in Austin (TX),7
10550 Maha Circle in Austin (TX),7
5204 Ranch Rd 2222 in Austin (TX),7
Springdale Rd & Alf Ave in Austin (TX),7
1005 Fairmont in Austin (TX),7
7206 Eganhill in Austin (TX),7
701 Wales Way in Austin (TX),7
1204 Summer Set Ave in Austin (TX),7
1701 Inverness Blvd in Austin (TX),7
4301 Grand Ave Parkway in Travis (TX),7
5522 Bitterwood in Travis (TX),7
6207 Vera Ln in Austin (TX),7
4600 Nuckols Crossing # 2305 in Austin (TX),7
Colony Creek Dr And Briardale Dr in Austin (TX),7
2900 Bee Cave Rd in Austin (TX),7
20812 Verna in Manor (TX),7
7920 Old Lockhart in Travis (TX),7
8751 Linden Dr in Del Valle (TX),7
21973 Sylvia in Travis (TX),7
204 Florence in Austin (TX),7
15100 Stave Oak Lane in Austin (TX),7
9810 Copper Creek Dr in Austin (TX),7
1809 Collier in Austin (TX),7
6802 Santos in Austin (TX),7
14304 Nestle Court in Travis (TX),7
193 Berkely in Austin (TX),7
9104 Shepard Dr in Austin (TX),7
15109 Oklahoma in Austin (TX),7
6803 Deborah Drive in Austin (TX),7
Highway 45 And Farm Road 1826 in Travis (TX),7
403 Vargas Road in Austin (TX),7
5600 Abilene Trail in Austin (TX),7
11601 Argonne Forest in Austin (TX),7
9225 South 183 in Austin (TX),7
202 Old Bastrop Road in Travis (TX),7
9510 Night Star Drive in Del Valle (TX),7
6003 Eureka Drive in Austin (TX),7
815 Christopher Street in Austin (TX),7
507 West Applegate Drive in Austin (TX),7
East 7Th Street in Austin (TX),7
1311 Fairbanks Unit B in Austin (TX),7
7631 Us Highway 290 West in Austin (TX),7
1137 Gunter St in Austin (TX),6
2600 Gracy Farms Ln in Austin (TX),6
2200 Berkeley Ave in Austin (TX),6
1511 Cripple Creek Dr in Austin (TX),6
Pleasant Valley in Austin (TX),6
Piedras Blanco in Austin (TX),6
1508 Southport Dr in Austin (TX),6
1109 South Pleasant Valley in Austin (TX),6
William Cannon And Ih 35 in Austin (TX),6
901 W Ben White in Austin (TX),6
2302 E William Cannon Dr in Austin (TX),6
900 Chicon St in Austin (TX),6
1101 Grove Blvd in Austin (TX),6
1201 Payton Gin in Austin (TX),6
Bellflower in Austin (TX),6
1200 Montopolis Drive in Austin (TX),6
Duval And Amherst in Austin (TX),6
5201 Ross Rd in Travis (TX),6
2501 Wickersham in Austin (TX),6
Mlk And 183 in Austin (TX),6
4800 Manor Rd in Austin (TX),6
Airport And Springdale in Austin (TX),6
Airport Blvd & Springdale Rd in Austin (TX),6
2430 Cromwell Cir in Austin (TX),6
1901 Montopolis Dr in Austin (TX),6
10911 Maha Loop in Austin (TX),6
12316 Fay St in Travis (TX),6
500 Bastrop Hwy in Austin (TX),6
Old San Antonio Rd in Travis (TX),6
12401 Pauls Valley Rd in Austin (TX),6
2815 E 71 in Austin (TX),6
15005 Nuttall in Austin (TX),6
Hwy 183 in Austin (TX),6
9110 Us Hwy 183 South in Austin (TX),6
8704 Ingrid Dr in Travis (TX),6
8224 Research Blvd #244 in Austin (TX),6
N Lamar in Austin (TX),6
Ben White And S Ih 35 in Austin (TX),6
12151 N Ih 35 in Austin (TX),6
Onion Creek in Austin (TX),6
Paleface Ranch Road in Travis (TX),6
2100 Wickersham Ln in Austin (TX),6
11441 North Ih 35 in Austin (TX),6
7Th/Pleasant Valley in Austin (TX),6
7515 Compass Dr in Austin (TX),6
1137 Gunter in Austin (TX),6
5315 Ed Bluestein in Austin (TX),6
7307 E Riverside in Austin (TX),6
4204 Sojourner Ln in Austin (TX),6
183 And Cameron in Austin (TX),6
2206 Prather Ln in Austin (TX),6
Slaughter Ln And Manchaca in Austin (TX),6
Burleson And Mckinney Falls in Travis (TX),6
12800 Turtle Rock Rd in Austin (TX),6
4705 Bayside in Austin (TX),6
12100 Metric Blvd in Austin (TX),6
4601 St Elmo Rd in Austin (TX),6
8054 Exchange Dr in Austin (TX),6
11300 Samsung Blvd in Austin (TX),6
Loyola Ln And Decker Ln in Austin (TX),6
1119 Linden in Austin (TX),6
8300 Hergotz in Austin (TX),6
9815 Copper Creek Dr in Austin (TX),6
7310 Meador Ave in Austin (TX),6
12120 Manchaca Rd in Austin (TX),6
2302 E William Cannon in Austin (TX),6
515 S Pleasant Valley Rd in Austin (TX),6
1301 Thornberry Road in Austin (TX),6
2207 Wickersham Ln in Austin (TX),6
Airport Blvd And Springdale in Austin (TX),6
1100 E Oltorf St in Austin (TX),6
1500 E Riverside Dr in Austin (TX),6
9019 Elroy Rd in Travis (TX),6
10616 Mellow Meadows in Austin (TX),6
11603 Gungrove Circle in Austin (TX),6
7315 Providence in Austin (TX),6
7504 Bennet Ave in Austin (TX),6
Harris Branch Pkwy & St Merryn Rd in Austin (TX),6
Schebler St & Arrowmound Pass in Del Valle (TX),6
11507 Maha Loop in Austin (TX),6
Samsung Blvd & Longday in Austin (TX),6
301 Twin Creeks Rd in Travis (TX),6
1704 Nelms in Austin (TX),6
1121 Spur St in Austin (TX),6
800 Guadalupe St in Austin (TX),6
8700 Brodie Lane in Austin (TX),6
2807 Allison Drive in Austin (TX),6
7200 Duval St in Austin (TX),6
2338 Wilson St in Austin (TX),6
605 Masterson Pass in Austin (TX),6
2009 Kirksey Dr in Austin (TX),6
8714 Fm 812 in Austin (TX),6
5408 Westminster Dr in Austin (TX),6
1102 S. Congress in Austin (TX),6
701 Center Ridge Dr in Austin (TX),6
1510 E Martin Luther King Jr Blvd in Austin (TX),6
3706 Goodwin Ave in Austin (TX),6
5413 Evans Ave in Austin (TX),6
715 East 8Th St in Austin (TX),6
Tiner Trail in Austin (TX),6
14000 Westall St in Austin (TX),6